{"train_ks_auc_figure": "/Users/zexal/PycharmProjects/flaskProject/output/lgb/figure/train_ks_auc20211127231417.png", "train_ks": 0.9191, "train_auc": 0.9746, "test_ks_auc_figure": "/Users/zexal/PycharmProjects/flaskProject/output/lgb/figure/test_ks_auc20211127231417.png", "test_ks": 0.9396, "test_auc": 0.9732, "feature_imp": "/Users/zexal/PycharmProjects/flaskProject/output/lgb/csv/feature_imp20211127231417.csv", "psi_result_table": "/Users/zexal/PycharmProjects/flaskProject/output/lgb/csv/psi_result_table_20211127231417.csv", "psi_result_figure": "/Users/zexal/PycharmProjects/flaskProject/output/lgb/figure/psi_result_20211127231417.png"}